time,Volume,Vol Snow,Vol Blue Ice,Vol White Ice,Tot Inflow Vol,Tot Outflow Vol,Overflow Vol,Evaporation,Rain,Local Runoff,Snowfall,Lake Level,Surface Area,Blue Ice Thickness,Snow Thickness,Snow Density,White Ice Thickness,Albedo,Max Temp,Min Temp,Surface Temp,Daily Qsw,Daily Qe,Daily Qh,Daily Qlw,Light,Benthic Light,Surface Wave Height,Surface Wave Length,Surface Wave Period,LakeNumber,Max dT/dz,CD,CHE,z/L
2015-07-07 24:00:00,320045.004957,    0.000000,    0.000000,    0.000000,    0.000000, 1939.680000,    0.000000,  -22.620480,    0.000000,    0.000000,    0.000000,    9.283705,119527.474502,    0.000000,    0.000000,    0.000000,    0.000000,    0.068000,   23.914686,   10.588984,   23.914686,   55.437366,   -5.338048,    0.403901,  -93.392187,    0.000000,    0.000000,    0.010959,    0.269928,    0.415795,   79.364229,    0.165000,    0.001300,    0.001300,    0.000000
2015-07-08 24:00:00,316421.557080,    0.000000,    0.000000,    0.000000,    0.000000, 3533.760000,    0.000000, -113.312345,   24.301889,    0.000000,    0.000000,    9.253617,118874.867770,    0.000000,    0.000000,    0.000000,    0.000000,    0.068000,   23.455618,   10.687738,   23.455618,  100.352053,  -26.904649,   -0.643762,  -79.733407,    0.000000,    0.000000,    0.030052,    0.698575,    0.668901,   14.639548,    0.165000,    0.001300,    0.001300,    0.000000
2015-07-09 24:00:00,312765.984205,    0.000000,    0.000000,    0.000000,    0.000000, 3456.000000,    0.000000, -196.967942,    0.000000,    0.000000,    0.000000,    9.223263,118216.475115,    0.000000,    0.000000,    0.000000,    0.000000,    0.068000,   24.418641,   10.812930,   24.418641,  280.112680,  -46.988729,    8.240988, -100.344751,    0.000000,    0.000000,    0.035909,    0.821169,    0.725223,   12.296311,    0.165000,    0.001300,    0.001300,    0.000000
2015-07-10 24:00:00,309617.096249,    0.000000,    0.000000,    0.000000,    0.000000, 2946.240000,    0.000000, -198.894797,    0.000000,    0.000000,    0.000000,    9.197035,117648.078138,    0.000000,    0.000000,    0.000000,    0.000000,    0.068000,   24.972256,   10.929198,   24.972256,  244.125306,  -47.632060,    0.442028, -100.693500,    0.000000,    0.000000,    0.030904,    0.716272,    0.677321,   16.396943,    0.165000,    0.001300,    0.001300,    0.000000
2015-07-11 24:00:00,309520.953945,    0.000000,    0.000000,    0.000000,    0.000000,    0.000000,    0.000000, -186.140945,   89.609106,    0.000000,    0.000000,    9.196215,117630.413081,    0.000000,    0.000000,    0.000000,    0.000000,    0.068000,   25.437985,   11.043067,   25.437985,  249.534472,  -44.587667,   -6.109506, -104.756761,    0.000000,    0.000000,    0.012424,    0.304613,    0.441702,   79.832239,    0.170000,    0.001300,    0.001300,    0.000000
2015-07-12 24:00:00,310063.321966,    0.000000,    0.000000,    0.000000,    0.000000,    0.000000,    0.000000, -121.509883,  663.337960,    0.000000,    0.000000,    9.200821,117729.707917,    0.000000,    0.000000,    0.000000,    0.000000,    0.068000,   25.704079,   11.147071,   25.704079,  210.651577,  -29.061506,   -5.168625, -112.412923,    0.000000,    0.000000,    0.014090,    0.343756,    0.469224,   68.610875,    0.170000,    0.001300,    0.001300,    0.000000
2015-07-13 24:00:00,311611.410959,    0.000000,    0.000000,    0.000000,    0.000000,    0.000000,    0.000000, -137.494978, 1651.962455,    0.000000,    0.000000,    9.213676,118008.528900,    0.000000,    0.000000,    0.000000,    0.000000,    0.068000,   26.349030,   11.254612,   26.349030,  250.305694,  -32.778912,   -7.276759, -104.225863,    0.000000,    0.000000,    0.008382,    0.207873,    0.364884,  168.331905,    0.170000,    0.001300,    0.001300,    0.000000
2015-07-14 24:00:00,311391.788313,    0.000000,    0.000000,    0.000000,    0.000000,    0.000000,    0.000000, -305.081449,   89.901284,    0.000000,    0.000000,    9.211852,117968.973421,    0.000000,    0.000000,    0.000000,    0.000000,    0.068000,   26.386564,   11.358798,   26.386564,  248.402527,  -72.754429,  -12.063251, -114.016964,    0.000000,    0.000000,    0.039474,    0.894100,    0.756743,   13.035060,    0.170000,    0.001300,    0.001300,    0.000000
2015-07-15 24:00:00,311017.298836,    0.000000,    0.000000,    0.000000,    0.000000,    0.000000,    0.000000, -366.737951,    0.000000,    0.000000,    0.000000,    9.208742,117901.525409,    0.000000,    0.000000,    0.000000,    0.000000,    0.068000,   25.780114,   11.451180,   25.780114,  191.979809,  -87.522593,  -11.462082, -108.309251,    0.000000,    0.000000,    0.044893,    1.003531,    0.801717,    9.913311,    0.170000,    0.001300,    0.001300,    0.000000
2015-07-16 24:00:00,310808.292169,    0.000000,    0.000000,    0.000000,    0.000000,    0.000000,    0.000000, -204.588142,    0.000000,    0.000000,    0.000000,    9.207007,117863.881938,    0.000000,    0.000000,    0.000000,    0.000000,    0.068000,   25.970192,   11.548475,   25.970192,  235.250815,  -48.866239,   -8.288652, -114.278506,    0.000000,    0.000000,    0.009042,    0.223847,    0.378644,  145.335811,    0.502059,    0.001300,    0.001300,    0.000000
2015-07-17 24:00:00,310664.889831,    0.000000,    0.000000,    0.000000,    0.000000,    0.000000,    0.000000, -140.332599,    0.000000,    0.000000,    0.000000,    9.205816,117838.054236,    0.000000,    0.000000,    0.000000,    0.000000,    0.068000,   26.227703,   11.638438,   26.227703,  207.653980,  -33.519294,   -5.311654, -106.702050,    0.000000,    0.000000,    0.005539,    0.138467,    0.297802,  316.209554,    0.501764,    0.001300,    0.001300,    0.000000
2015-07-18 24:00:00,310913.876534,    0.000000,    0.000000,    0.000000,    0.000000,    0.000000,    0.000000, -115.547956,  359.123782,    0.000000,    0.000000,    9.207884,117882.898374,    0.000000,    0.000000,    0.000000,    0.000000,    0.068000,   26.311359,   11.722248,   26.311359,  183.804638,  -27.576928,   -5.121295, -107.020321,    0.000000,    0.000000,    0.030581,    0.709356,    0.674043,   20.115330,    0.502083,    0.001300,    0.001300,    0.000000
2015-07-19 24:00:00,310710.693072,    0.000000,    0.000000,    0.000000,    0.000000,    0.000000,    0.000000, -198.857236,    0.000000,    0.000000,    0.000000,    9.206197,117846.303700,    0.000000,    0.000000,    0.000000,    0.000000,    0.068000,   27.193852,   11.821318,   27.193852,  283.515352,  -47.446038,   -1.547426, -112.246278,    0.000000,    0.000000,    0.015498,    0.376477,    0.491049,   66.220429,    0.501937,    0.001300,    0.001300,    0.000000
2015-07-20 24:00:00,310465.653265,    0.000000,    0.000000,    0.000000,    0.000000,    0.000000,    0.000000, -239.740600,    0.000000,    0.000000,    0.000000,    9.204162,117802.170423,    0.000000,    0.000000,    0.000000,    0.000000,    0.068000,   27.299208,   11.911269,   27.299208,  244.745582,  -57.191295,   -6.096891, -115.472950,    0.000000,    0.000000,    0.030423,    0.705995,    0.672444,   22.102619,    0.501281,    0.001300,    0.001300,    0.000000
2015-07-21 24:00:00,310228.045439,    0.000000,    0.000000,    0.000000,    0.000000,    0.000000,    0.000000, -262.316341,   29.931898,    0.000000,    0.000000,    9.202189,117759.375695,    0.000000,    0.000000,    0.000000,    0.000000,    0.068000,   26.802673,   11.984846,   26.802673,  160.558455,  -62.611189,   -7.071077, -106.070241,    0.000000,    0.000000,    0.024219,    0.572457,    0.605518,   30.935642,    0.500855,    0.001300,    0.001300,    0.000000
2015-07-22 24:00:00,309886.978398,    0.000000,    0.000000,    0.000000,    0.000000,    0.000000,    0.000000, -335.528984,    0.000000,    0.000000,    0.000000,    9.199339,117697.665919,    0.000000,    0.000000,    0.000000,    0.000000,    0.068000,   26.843875,   12.078396,   26.843875,  285.914532,  -80.166071,  -13.036126, -140.900435,    0.000000,    0.000000,    0.031339,    0.725330,    0.681590,   19.593301,    0.500244,    0.001300,    0.001300,    0.000000
2015-07-23 24:00:00,309656.059162,    0.000000,    0.000000,    0.000000,    0.000000,    0.000000,    0.000000, -231.922659,    0.000000,    0.000000,    0.000000,    9.197368,117655.237131,    0.000000,    0.000000,    0.000000,    0.000000,    0.068000,   26.695812,   12.158593,   26.695812,  222.398545,  -55.429792,  -12.457644, -128.099258,    0.000000,    0.000000,    0.018060,    0.435165,    0.527938,   48.682194,    0.330000,    0.001300,    0.001300,    0.000000
2015-07-24 24:00:00,309492.435878,    0.000000,    0.000000,    0.000000,    0.000000,    0.000000,    0.000000, -164.283243,    0.000000,    0.000000,    0.000000,    9.195972,117625.173210,    0.000000,    0.000000,    0.000000,    0.000000,    0.068000,   26.709080,   12.236752,   26.709080,  220.492591,  -39.279147,   -8.205641, -132.151267,    0.000000,    0.000000,    0.006044,    0.150846,    0.310829,  279.268821,    0.330000,    0.001300,    0.001300,    0.000000
2015-07-25 24:00:00,309323.985740,    0.000000,    0.000000,    0.000000,    0.000000,    0.000000,    0.000000, -169.085868,    0.000000,    0.000000,    0.000000,    9.194534,117594.222410,    0.000000,    0.000000,    0.000000,    0.000000,    0.068000,   27.069155,   12.318150,   27.069155,  247.938231,  -40.429996,   -5.953175, -127.891525,    0.000000,    0.000000,    0.002979,    0.075567,    0.220000,  783.543146,    0.330000,    0.001300,    0.001300,    0.000000
2015-07-26 24:00:00,309189.843088,    0.000000,    0.000000,    0.000000,    0.000000,    0.000000,    0.000000, -134.616951,    0.000000,    0.000000,    0.000000,    9.193389,117569.575221,    0.000000,    0.000000,    0.000000,    0.000000,    0.068000,   27.531208,   12.397519,   27.531208,  246.813874,  -32.171069,   -3.513310, -124.249381,    0.000000,    0.000000,    0.003096,    0.078431,    0.224130,  771.437633,    0.330000,    0.001300,    0.001300,    0.000000
2015-07-27 24:00:00,309089.750105,    0.000000,    0.000000,    0.000000,    0.000000,    0.000000,    0.000000, -100.428305,    0.000000,    0.000000,    0.000000,    9.192535,117551.184272,    0.000000,    0.000000,    0.000000,    0.000000,    0.068000,   27.213032,   12.456330,   27.213032,  136.401465,  -24.007586,   -4.365316, -104.727271,    0.000000,    0.000000,    0.022578,    0.536343,    0.586107,   34.797563,    0.330000,    0.001300,    0.001300,    0.000000
2015-07-28 24:00:00,310516.622105,    0.000000,    0.000000,    0.000000,    0.000000,    0.000000,    0.000000, -106.292123, 1523.148998,    0.000000,    0.000000,    9.204585,117811.350246,    0.000000,    0.000000,    0.000000,    0.000000,    0.068000,   27.540700,   12.522106,   27.540700,  181.831947,  -25.344625,   -4.612595,  -95.316398,    0.000000,    0.000000,    0.005413,    0.135371,    0.294455,  354.401754,    0.330000,    0.001300,    0.001300,    0.000000
2015-07-29 24:00:00,310418.232023,    0.000000,    0.000000,    0.000000,    0.000000,    0.000000,    0.000000,  -96.244089,    0.000000,    0.000000,    0.000000,    9.203768,117793.629547,    0.000000,    0.000000,    0.000000,    0.000000,    0.068000,   27.804348,   12.589426,   27.804348,  195.489162,  -22.943554,   -3.733958, -102.512681,    0.000000,    0.000000,    0.013395,    0.327492,    0.457989,   88.083269,    0.330000,    0.001300,    0.001300,    0.000000
2015-07-30 24:00:00,310054.349022,    0.000000,    0.000000,    0.000000,    0.000000,    0.000000,    0.000000, -355.825866,    0.000000,    0.000000,    0.000000,    9.200747,117728.091831,    0.000000,    0.000000,    0.000000,    0.000000,    0.068000,   27.478339,   12.663839,   27.478339,  230.823846,  -84.849975,   -9.987581, -120.604716,    0.000000,    0.000000,    0.072753,    1.539041,    0.992843,    4.893089,    0.330000,    0.001300,    0.001300,    0.000000
2015-07-31 24:00:00,309428.764026,    0.000000,    0.000000,    0.000000,    0.000000,    0.000000,    0.000000, -625.836665,    0.000000,    0.000000,    0.000000,    9.195428,117613.474230,    0.000000,    0.000000,    0.000000,    0.000000,    0.068000,   26.649490,   12.750497,   26.649490,  294.730612, -149.597365,  -22.332986, -154.875288,    0.000000,    0.000000,    0.041671,    0.938587,    0.775341,   11.526413,    0.330000,    0.001300,    0.001300,    0.000000
2015-08-01 24:00:00,308951.707519,    0.000000,    0.000000,    0.000000,    0.000000,    0.000000,    0.000000, -478.698058,    0.000000,    0.000000,    0.000000,    9.191357,117525.820513,    0.000000,    0.000000,    0.000000,    0.000000,    0.068000,   26.326141,   12.830980,   26.326141,  288.468212, -114.567518,  -11.605548, -145.510533,    0.000000,    0.000000,    0.031330,    0.725083,    0.681474,   18.112326,    0.330000,    0.001300,    0.001300,    0.000000
2015-08-02 24:00:00,308629.171282,    0.000000,    0.000000,    0.000000,    0.000000,    0.000000,    0.000000, -323.442404,    0.000000,    0.000000,    0.000000,    9.188604,117466.558142,    0.000000,    0.000000,    0.000000,    0.000000,    0.071000,   25.772218,   12.900475,   25.772218,  240.319905,  -77.496892,  -19.732175, -154.422129,    0.000000,    0.000000,    0.029946,    0.695787,    0.667565,   18.479722,    0.330000,    0.001300,    0.001300,    0.000000
2015-08-03 24:00:00,308338.453441,    0.000000,    0.000000,    0.000000,    0.000000,    0.000000,    0.000000, -291.394417,    0.000000,    0.000000,    0.000000,    9.186123,117413.142039,    0.000000,    0.000000,    0.000000,    0.000000,    0.071000,   25.956875,   12.973492,   25.956875,  270.308230,  -69.864635,  -11.251695, -137.181408,    0.000000,    0.000000,    0.035195,    0.805898,    0.718448,   14.117055,    0.330000,    0.001300,    0.001300,    0.000000
2015-08-04 24:00:00,308128.921549,    0.000000,    0.000000,    0.000000,    0.000000,    0.000000,    0.000000, -209.936941,    0.000000,    0.000000,    0.000000,    9.184334,117374.642933,    0.000000,    0.000000,    0.000000,    0.000000,    0.071000,   25.961651,   13.033364,   25.961651,  200.089337,  -50.340904,   -1.969618, -110.145255,    0.000000,    0.000000,    0.013386,    0.327250,    0.457821,   71.761705,    0.330000,    0.001300,    0.001300,    0.000000
2015-08-05 24:00:00,307887.282157,    0.000000,    0.000000,    0.000000,    0.000000,    0.000000,    0.000000, -242.021189,    0.000000,    0.000000,    0.000000,    9.182272,117330.244438,    0.000000,    0.000000,    0.000000,    0.000000,    0.071000,   26.215938,   13.099949,   26.215938,  238.705371,  -58.033524,   -4.882016, -111.227815,    0.000000,    0.000000,    0.038010,    0.863914,    0.743859,   12.755193,    0.330000,    0.001300,    0.001300,    0.000000
2015-08-06 24:00:00,308002.746458,    0.000000,    0.000000,    0.000000,    0.000000,    0.000000,    0.000000, -152.610266,  268.230413,    0.000000,    0.000000,    9.183257,117351.459693,    0.000000,    0.000000,    0.000000,    0.000000,    0.071000,   26.091663,   13.151192,   26.091663,  164.380111,  -36.591390,   -6.465935, -106.848164,    0.000000,    0.000000,    0.008242,    0.204462,    0.361877,  157.263190,    0.330000,    0.001300,    0.001300,    0.000000
2015-08-07 24:00:00,307757.645015,    0.000000,    0.000000,    0.000000,    0.000000,    0.000000,    0.000000, -245.439741,    0.000000,    0.000000,    0.000000,    9.181166,117306.425085,    0.000000,    0.000000,    0.000000,    0.000000,    0.071000,   25.247288,   13.193505,   25.247288,  105.048303,  -58.907030,  -16.793261,  -90.160174,    0.000000,    0.000000,    0.018770,    0.451216,    0.537585,   37.903146,    0.330000,    0.001300,    0.001300,    0.000000
2015-08-08 24:00:00,307636.141839,    0.000000,    0.000000,    0.000000,    0.000000,    0.000000,    0.000000, -121.635356,    0.000000,    0.000000,    0.000000,    9.180129,117284.100256,    0.000000,    0.000000,    0.000000,    0.000000,    0.071000,   25.293824,   13.245915,   25.293824,  172.580733,  -29.215671,   -4.945339, -103.856441,    0.000000,    0.000000,    0.005914,    0.147656,    0.307526,  240.876578,    0.335000,    0.001300,    0.001300,    0.000000
2015-08-09 24:00:00,307513.939578,    0.000000,    0.000000,    0.000000,    0.000000,    0.000000,    0.000000, -122.311934,    0.000000,    0.000000,    0.000000,    9.179086,117261.646978,    0.000000,    0.000000,    0.000000,    0.000000,    0.071000,   25.776062,   13.306511,   25.776062,  222.383079,  -29.372009,   -2.706380, -111.740616,    0.000000,    0.000000,    0.003449,    0.087092,    0.236181,  546.581664,    0.335000,    0.001300,    0.001300,    0.000000
2015-08-10 24:00:00,310686.517717,    0.000000,    0.000000,    0.000000,    0.000000,    0.000000,    0.000000, -120.788944, 3280.628217,    0.000000,    0.000000,    9.205996,117841.949560,    0.000000,    0.000000,    0.000000,    0.000000,    0.071000,   24.973927,   13.340589,   24.973927,   67.594057,  -28.869898,   -7.839966,  -83.542965,    0.000000,    0.000000,    0.012704,    0.311233,    0.446476,   70.912455,    0.335000,    0.001300,    0.001300,    0.000000
2015-08-11 24:00:00,310984.407625,    0.000000,    0.000000,    0.000000,    0.000000,    0.000000,    0.000000, -157.611289,  449.120004,    0.000000,    0.000000,    9.208469,117895.601487,    0.000000,    0.000000,    0.000000,    0.000000,    0.071000,   25.352768,   13.398627,   25.352768,  208.081380,  -37.650567,   -5.584332,  -98.856835,    0.000000,    0.000000,    0.024076,    0.569343,    0.603869,   25.259981,    0.335000,    0.001300,    0.001300,    0.000000
2015-08-12 24:00:00,310555.952584,    0.000000,    0.000000,    0.000000,    0.000000,    0.000000,    0.000000, -419.308650,    0.000000,    0.000000,    0.000000,    9.204912,117818.433923,    0.000000,    0.000000,    0.000000,    0.000000,    0.071000,   24.944794,   13.469691,   24.944794,  259.270796, -100.277892,  -16.691316, -138.434043,    0.000000,    0.000000,    0.037256,    0.848607,    0.737240,   11.521561,    0.335000,    0.001300,    0.001300,    0.000000
2015-08-13 24:00:00,310325.506794,    0.000000,    0.000000,    0.000000,    0.000000,    0.000000,    0.000000, -225.411343,    0.000000,    0.000000,    0.000000,    9.202998,117776.929125,    0.000000,    0.000000,    0.000000,    0.000000,    0.071000,   24.805000,   13.528531,   24.805000,  225.525314,  -53.945137,  -14.870878, -139.569466,    0.000000,    0.000000,    0.026318,    0.618120,    0.629204,   20.149494,    0.335000,    0.001300,    0.001300,    0.000000
2015-08-14 24:00:00,310119.646304,    0.000000,    0.000000,    0.000000,    0.000000,    0.000000,    0.000000, -201.295711,    0.000000,    0.000000,    0.000000,    9.201289,117739.852300,    0.000000,    0.000000,    0.000000,    0.000000,    0.071000,   25.138305,   13.593215,   25.138305,  265.890962,  -48.175369,   -8.746748, -136.502715,    0.000000,    0.000000,    0.023772,    0.562648,    0.600308,   24.376960,    0.335000,    0.001300,    0.001300,    0.000000
2015-08-15 24:00:00,309951.695618,    0.000000,    0.000000,    0.000000,    0.000000,    0.000000,    0.000000, -164.526278,    0.000000,    0.000000,    0.000000,    9.199891,117709.556973,    0.000000,    0.000000,    0.000000,    0.000000,    0.071000,   25.507557,   13.652971,   25.507557,  248.327628,  -39.368750,   -7.992555, -127.332496,    0.000000,    0.000000,    0.030725,    0.712361,    0.675469,   16.237367,    0.335000,    0.001300,    0.001300,    0.000000
2015-08-16 24:00:00,309732.221631,    0.000000,    0.000000,    0.000000,    0.000000,    0.000000,    0.000000, -220.451767,    0.000000,    0.000000,    0.000000,    9.198018,117669.231120,    0.000000,    0.000000,    0.000000,    0.000000,    0.071000,   25.523795,   13.709874,   25.523795,  231.565285,  -52.749415,  -10.960726, -128.198877,    0.000000,    0.000000,    0.030723,    0.712304,    0.675442,   16.319270,    0.335000,    0.001300,    0.001300,    0.000000
2015-08-17 24:00:00,309570.189911,    0.000000,    0.000000,    0.000000,    0.000000,    0.000000,    0.000000, -162.704959,    0.000000,    0.000000,    0.000000,    9.196635,117639.459631,    0.000000,    0.000000,    0.000000,    0.000000,    0.071000,   25.876474,   13.765686,   25.876474,  231.479397,  -38.946493,   -7.980797, -118.458052,    0.000000,    0.000000,    0.018491,    0.444958,    0.533845,   39.339515,    0.335000,    0.001300,    0.001300,    0.000000
2015-08-18 24:00:00,309889.870994,    0.000000,    0.000000,    0.000000,    0.000000,    0.000000,    0.000000, -127.262125,  448.208418,    0.000000,    0.000000,    9.199364,117698.197400,    0.000000,    0.000000,    0.000000,    0.000000,    0.071000,   25.589029,   13.800984,   25.589029,  118.503034,  -30.440499,   -7.065301,  -83.171414,    0.000000,    0.000000,    0.017917,    0.431931,    0.525972,   40.548343,    0.335000,    0.001300,    0.001300,    0.000000
2015-08-19 24:00:00,309868.264771,    0.000000,    0.000000,    0.000000,    0.000000,    0.000000,    0.000000,  -81.530735,   59.825679,    0.000000,    0.000000,    9.199179,117694.227502,    0.000000,    0.000000,    0.000000,    0.000000,    0.071000,   25.836715,   13.843026,   25.836715,  156.788592,  -19.504779,   -3.429586,  -81.899150,    0.000000,    0.000000,    0.014089,    0.343734,    0.469210,   61.417932,    0.335000,    0.001300,    0.001300,    0.000000
2015-08-20 24:00:00,309757.363978,    0.000000,    0.000000,    0.000000,    0.000000,    0.000000,    0.000000, -141.300717,   29.910774,    0.000000,    0.000000,    9.198233,117673.850741,    0.000000,    0.000000,    0.000000,    0.000000,    0.071000,   25.934279,   13.887336,   25.934279,  169.505530,  -33.790806,   -5.479105,  -91.747705,    0.000000,    0.000000,    0.049889,    1.102561,    0.840343,    7.383723,    0.335000,    0.001300,    0.001300,    0.000000
2015-08-21 24:00:00,309258.960364,    0.000000,    0.000000,    0.000000,    0.000000,    0.000000,    0.000000, -500.368486,    0.000000,    0.000000,    0.000000,    9.193979,117582.274735,    0.000000,    0.000000,    0.000000,    0.000000,    0.071000,   24.725887,   13.950052,   24.725887,  203.953882, -119.881708,  -22.877148, -141.392687,    0.000000,    0.000000,    0.025408,    0.598341,    0.619056,   20.232076,    0.335000,    0.001300,    0.001300,    0.000000
2015-08-22 24:00:00,309074.537168,    0.000000,    0.000000,    0.000000,    0.000000,    0.000000,    0.000000, -185.049272,    0.000000,    0.000000,    0.000000,    9.192405,117548.389067,    0.000000,    0.000000,    0.000000,    0.000000,    0.071000,   24.620169,   13.998953,   24.620169,  206.619559,  -44.380645,  -10.776617, -130.679916,    0.000000,    0.000000,    0.008508,    0.210917,    0.367545,  119.273077,    0.335000,    0.001300,    0.001300,    0.000000
2015-08-23 24:00:00,308903.349788,    0.000000,    0.000000,    0.000000,    0.000000,    0.000000,    0.000000, -171.720930,    0.000000,    0.000000,    0.000000,    9.190944,117516.935329,    0.000000,    0.000000,    0.000000,    0.000000,    0.071000,   24.979004,   14.050360,   24.979004,  223.200562,  -41.189120,   -4.868928, -114.477392,    0.000000,    0.000000,    0.012559,    0.307804,    0.444010,   65.324545,    0.335000,    0.001300,    0.001300,    0.000000
2015-08-24 24:00:00,308609.848270,    0.000000,    0.000000,    0.000000,    0.000000,    0.000000,    0.000000, -294.311268,    0.000000,    0.000000,    0.000000,    9.188439,117463.007758,    0.000000,    0.000000,    0.000000,    0.000000,    0.071000,   24.749780,   14.107148,   24.749780,  215.385686,  -70.594297,   -8.193719, -121.077085,    0.000000,    0.000000,    0.091221,    1.875505,    1.096010,    2.230987,    0.335000,    0.001300,    0.001300,    0.000000
2015-08-25 24:00:00,307968.942076,    0.000000,    0.000000,    0.000000,    0.000000,    0.000000,    0.000000, -642.211542,    0.000000,    0.000000,    0.000000,    9.182969,117345.248521,    0.000000,    0.000000,    0.000000,    0.000000,    0.071000,   23.675440,   14.190717,   23.675440,  259.198040, -154.383698,  -20.966369, -146.800343,    0.000000,    0.000000,    0.081802,    1.705160,    1.045052,    2.272767,    0.335000,    0.001300,    0.001300,    0.000000
2015-08-26 24:00:00,307467.859144,    0.000000,    0.000000,    0.000000,    0.000000,    0.000000,    0.000000, -501.653124,    0.000000,    0.000000,    0.000000,    9.178692,117253.180222,    0.000000,    0.000000,    0.000000,    0.000000,    0.071000,   22.733185,   14.255637,   22.733185,  202.213606, -120.835294,  -21.817287, -134.722781,    0.000000,    0.000000,    0.040057,    0.905696,    0.761634,    6.614911,    0.335000,    0.001300,    0.001300,    0.000000
2015-08-27 24:00:00,307260.786849,    0.000000,    0.000000,    0.000000,    0.000000,    0.000000,    0.000000, -207.190236,    0.000000,    0.000000,    0.000000,    9.176925,117215.133039,    0.000000,    0.000000,    0.000000,    0.000000,    0.071000,   22.625362,   14.295865,   22.625362,  186.165816,  -49.952366,   -9.751354, -115.981515,    0.000000,    0.000000,    0.016616,    0.402159,    0.507521,   28.317814,    0.335000,    0.001300,    0.001300,    0.000000
2015-08-28 24:00:00,307112.125892,    0.000000,    0.000000,    0.000000,    0.000000,    0.000000,    0.000000, -148.703869,    0.000000,    0.000000,    0.000000,    9.175656,117187.818276,    0.000000,    0.000000,    0.000000,    0.000000,    0.071000,   23.127919,   14.344224,   23.127919,  239.758665,  -35.842482,   -2.926083, -124.034162,    0.000000,    0.000000,    0.012140,    0.297883,    0.436796,   50.198058,    0.335000,    0.001300,    0.001300,    0.000000
2015-08-29 24:00:00,306959.465082,    0.000000,    0.000000,    0.000000,    0.000000,    0.000000,    0.000000, -152.668776,    0.000000,    0.000000,    0.000000,    9.174353,117159.768585,    0.000000,    0.000000,    0.000000,    0.000000,    0.071000,   23.131167,   14.382635,   23.131167,  185.836670,  -36.801520,   -4.639644, -117.105423,    0.000000,    0.000000,    0.023006,    0.545724,    0.591210,   17.413112,    0.335000,    0.001300,    0.001300,    0.000000
2015-08-30 24:00:00,306858.727898,    0.000000,    0.000000,    0.000000,    0.000000,    0.000000,    0.000000, -100.722318,    0.000000,    0.000000,    0.000000,    9.173494,117141.259271,    0.000000,    0.000000,    0.000000,    0.000000,    0.071000,   22.941365,   14.409179,   22.941365,  123.443336,  -24.289168,   -4.648206,  -93.650150,    0.000000,    0.000000,    0.020215,    0.483722,    0.556613,   21.094461,    0.335000,    0.001300,    0.001300,    0.000000
2015-08-31 24:00:00,306742.180387,    0.000000,    0.000000,    0.000000,    0.000000,    0.000000,    0.000000, -116.510408,    0.000000,    0.000000,    0.000000,    9.172499,117119.844989,    0.000000,    0.000000,    0.000000,    0.000000,    0.071000,   23.321019,   14.447938,   23.321019,  191.827803,  -28.091417,   -3.235263,  -99.011678,    0.000000,    0.000000,    0.029317,    0.682328,    0.661077,   11.825641,    0.335000,    0.001300,    0.001300,    0.000000
2015-09-01 24:00:00,306568.040773,    0.000000,    0.000000,    0.000000,    0.000000,    0.000000,    0.000000, -174.044892,    0.000000,    0.000000,    0.000000,    9.171013,117087.848812,    0.000000,    0.000000,    0.000000,    0.000000,    0.071000,   23.488116,   14.494645,   23.488116,  194.876738,  -41.971909,   -3.131046, -105.319194,    0.000000,    0.000000,    0.021529,    0.513039,    0.573233,   20.278243,    0.335000,    0.001300,    0.001300,    0.000000
2015-09-02 24:00:00,306356.026276,    0.000000,    0.000000,    0.000000,    0.000000,    0.000000,    0.000000, -211.835356,    0.000000,    0.000000,    0.000000,    9.169203,117048.893556,    0.000000,    0.000000,    0.000000,    0.000000,    0.080000,   23.674571,   14.543187,   23.674571,  206.728625,  -51.073724,   -0.482772, -107.388395,    0.000000,    0.000000,    0.042585,    0.956803,    0.782829,    6.516883,    0.335000,    0.001300,    0.001300,    0.000000
2015-09-03 24:00:00,306087.971102,    0.000000,    0.000000,    0.000000,    0.000000,    0.000000,    0.000000, -267.728015,    0.000000,    0.000000,    0.000000,    9.166915,116999.641461,    0.000000,    0.000000,    0.000000,    0.000000,    0.080000,   23.668527,   14.596033,   23.668527,  204.979491,  -64.577463,    0.716594, -108.937758,    0.000000,    0.000000,    0.060029,    1.298823,    0.912075,    3.598887,    0.335000,    0.001300,    0.001300,    0.000000
2015-09-04 24:00:00,308819.328289,    0.000000,    0.000000,    0.000000,    0.000000,    0.000000,    0.000000, -185.150989, 2912.493475,    0.000000,    0.000000,    9.190227,117501.497333,    0.000000,    0.000000,    0.000000,    0.000000,    0.080000,   23.678167,   14.634696,   23.678167,  179.537772,  -44.465155,   -4.874724,  -96.212662,    0.000000,    0.000000,    0.021545,    0.513443,    0.573458,   20.620623,    0.335000,    0.001300,    0.001300,    0.000000
2015-09-05 24:00:00,308720.187282,    0.000000,    0.000000,    0.000000,    0.000000,    0.000000,    0.000000,  -99.415597,    0.000000,    0.000000,    0.000000,    9.189381,117483.281299,    0.000000,    0.000000,    0.000000,    0.000000,    0.080000,   24.237025,   14.667407,   24.237025,  189.144583,  -23.869552,   -1.749300,  -94.297185,    0.000000,    0.000000,    0.007459,    0.185416,    0.344611,  120.040948,    0.335000,    0.001300,    0.001300,    0.000000
2015-09-06 24:00:00,308589.573498,    0.000000,    0.000000,    0.000000,    0.000000,    0.000000,    0.000000, -130.952242,    0.000000,    0.000000,    0.000000,    9.188266,117459.282499,    0.000000,    0.000000,    0.000000,    0.000000,    0.080000,   23.890642,   14.693702,   23.890642,  151.016835,  -31.446966,   -5.015369, -118.584198,    0.000000,    0.000000,    0.031634,    0.731475,    0.684471,   11.060928,    0.335000,    0.001300,    0.001300,    0.000000
2015-09-07 24:00:00,308469.559866,    0.000000,    0.000000,    0.000000,    0.000000,    0.000000,    0.000000, -120.300883,    0.000000,    0.000000,    0.000000,    9.187242,117437.231356,    0.000000,    0.000000,    0.000000,    0.000000,    0.080000,   24.342596,   14.730491,   24.342596,  213.193837,  -28.895653,   -4.001746, -109.081217,    0.000000,    0.000000,    0.019788,    0.474193,    0.551103,   25.447681,    0.335000,    0.001300,    0.001300,    0.000000
2015-09-08 24:00:00,308335.236993,    0.000000,    0.000000,    0.000000,    0.000000,    0.000000,    0.000000, -134.617700,    0.000000,    0.000000,    0.000000,    9.186095,117412.551054,    0.000000,    0.000000,    0.000000,    0.000000,    0.080000,   24.456469,   14.761752,   24.456469,  179.305812,  -32.332077,   -4.845948, -111.061935,    0.000000,    0.000000,    0.019933,    0.477437,    0.552985,   25.177234,    0.335000,    0.001300,    0.001300,    0.000000
2015-09-09 24:00:00,308239.385151,    0.000000,    0.000000,    0.000000,    0.000000,    0.000000,    0.000000,  -96.044763,    0.000000,    0.000000,    0.000000,    9.185277,117394.939366,    0.000000,    0.000000,    0.000000,    0.000000,    0.080000,   24.409661,   14.785612,   24.409661,  144.715673,  -23.070442,   -3.602307, -100.371499,    0.000000,    0.000000,    0.017049,    0.412090,    0.513749,   33.215344,    0.335000,    0.001300,    0.001300,    0.000000
2015-09-10 24:00:00,308122.728287,    0.000000,    0.000000,    0.000000,    0.000000,    0.000000,    0.000000, -146.706591,   29.833552,    0.000000,    0.000000,    9.184281,117373.504992,    0.000000,    0.000000,    0.000000,    0.000000,    0.080000,   24.297177,   14.811273,   24.297177,  142.008797,  -35.245028,   -4.658542,  -91.386660,    0.000000,    0.000000,    0.016194,    0.392479,    0.501376,   35.614022,    0.335000,    0.001300,    0.001300,    0.000000
2015-09-11 24:00:00,307904.988930,    0.000000,    0.000000,    0.000000,    0.000000,    0.000000,    0.000000, -218.085422,    0.000000,    0.000000,    0.000000,    9.182423,117333.497857,    0.000000,    0.000000,    0.000000,    0.000000,    0.080000,   24.197913,   14.852274,   24.197913,  211.022586,  -52.433154,   -9.108898, -127.800883,    0.000000,    0.000000,    0.012280,    0.301206,    0.439226,   55.132969,    0.335000,    0.001300,    0.001300,    0.000000
2015-09-12 24:00:00,307750.119814,    0.000000,    0.000000,    0.000000,    0.000000,    0.000000,    0.000000, -244.537644,   89.464906,    0.000000,    0.000000,    9.181101,117305.042415,    0.000000,    0.000000,    0.000000,    0.000000,    0.080000,   23.254871,   14.871209,   23.254871,   91.574590,  -58.828853,  -14.341406, -101.994038,    0.000000,    0.000000,    0.039269,    0.889675,    0.754868,    6.843861,    0.335000,    0.001300,    0.001300,    0.000000
2015-09-13 24:00:00,307241.294095,    0.000000,    0.000000,    0.000000,    0.000000,    0.000000,    0.000000, -509.226384,    0.000000,    0.000000,    0.000000,    9.176759,117211.551466,    0.000000,    0.000000,    0.000000,    0.000000,    0.080000,   21.834386,   14.918974,   21.834386,  178.122366, -122.788817,  -36.657884, -151.674123,    0.000000,    0.000000,    0.037844,    0.860479,    0.742379,    5.499946,    0.335000,    0.001300,    0.001300,    0.000000
2015-09-14 24:00:00,306938.759647,    0.000000,    0.000000,    0.000000,    0.000000,    0.000000,    0.000000, -302.577663,    0.000000,    0.000000,    0.000000,    9.174177,117155.964196,    0.000000,    0.000000,    0.000000,    0.000000,    0.080000,   21.272482,   14.960198,   21.272482,  229.044229,  -73.076838,  -22.299649, -166.134614,    0.000000,    0.000000,    0.040525,    0.915179,    0.765611,    4.196867,    0.707398,    0.001300,    0.001300,    0.000000
2015-09-15 24:00:00,306680.403403,    0.000000,    0.000000,    0.000000,    0.000000,    0.000000,    0.000000, -258.279146,    0.000000,    0.000000,    0.000000,    9.171972,117108.494170,    0.000000,    0.000000,    0.000000,    0.000000,    0.080000,   21.034643,   15.001995,   21.034643,  220.566413,  -62.441208,  -18.356976, -145.105944,    0.000000,    0.000000,    0.028708,    0.669324,    0.654747,    7.125712,    0.706763,    0.001300,    0.001300,    0.000000
2015-09-16 24:00:00,306516.288505,    0.000000,    0.000000,    0.000000,    0.000000,    0.000000,    0.000000, -164.011042,    0.000000,    0.000000,    0.000000,    9.170571,117078.339921,    0.000000,    0.000000,    0.000000,    0.000000,    0.080000,   21.028399,   15.033354,   21.028399,  199.786954,  -39.668282,  -10.757467, -134.192622,    0.000000,    0.000000,    0.029773,    0.692008,    0.665750,    6.509950,    0.706376,    0.001300,    0.001300,    0.000000
2015-09-17 24:00:00,306300.557420,    0.000000,    0.000000,    0.000000,    0.000000,    0.000000,    0.000000, -215.530487,    0.000000,    0.000000,    0.000000,    9.168730,117038.701783,    0.000000,    0.000000,    0.000000,    0.000000,    0.080000,   20.906246,   15.070997,   20.906246,  220.227166,  -52.139609,  -11.520815, -140.322112,    0.000000,    0.000000,    0.030689,    0.711415,    0.675021,    5.915702,    0.500000,    0.001300,    0.001300,    0.000000
2015-09-18 24:00:00,306135.723932,    0.000000,    0.000000,    0.000000,    0.000000,    0.000000,    0.000000, -164.630841,    0.000000,    0.000000,    0.000000,    9.167323,117008.415501,    0.000000,    0.000000,    0.000000,    0.000000,    0.080000,   21.014625,   15.104699,   21.014625,  213.872691,  -39.843575,   -7.120986, -132.574867,    0.000000,    0.000000,    0.005032,    0.126003,    0.284083,  108.969067,    0.500000,    0.001300,    0.001300,    0.000000
2015-09-19 24:00:00,305979.280084,    0.000000,    0.000000,    0.000000,    0.000000,    0.000000,    0.000000, -156.212014,    0.000000,    0.000000,    0.000000,    9.165988,116979.670720,    0.000000,    0.000000,    0.000000,    0.000000,    0.080000,   21.134590,   15.137296,   21.134590,  212.791324,  -37.807161,   -5.204235, -123.576006,    0.000000,    0.000000,    0.047396,    1.052949,    0.821219,    2.907733,    0.500000,    0.001300,    0.001300,    0.000000
2015-09-20 24:00:00,305835.198195,    0.000000,    0.000000,    0.000000,    0.000000,    0.000000,    0.000000, -143.834423,    0.000000,    0.000000,    0.000000,    9.164758,116953.197309,    0.000000,    0.000000,    0.000000,    0.000000,    0.080000,   21.249934,   15.166274,   21.249934,  152.609462,  -34.820751,    0.124176,  -87.701914,    0.000000,    0.000000,    0.010098,    0.249233,    0.399538,   39.717527,    0.500000,    0.001300,    0.001300,    0.000000
2015-09-21 24:00:00,310959.288638,    0.000000,    0.000000,    0.000000,    0.000000, 1244.160000,    0.000000, -120.981980, 6444.540935,    0.000000,    0.000000,    9.208261,117891.077392,    0.000000,    0.000000,    0.000000,    0.000000,    0.080000,   20.170022,   15.163151,   20.170022,   32.853506,  -29.065457,  -11.715441,  -81.401659,    0.000000,    0.000000,    0.006049,    0.150955,    0.310942,   67.612151,    0.500000,    0.001300,    0.001300,    0.000000
2015-09-22 24:00:00,311389.724770,    0.000000,    0.000000,    0.000000,    0.000000,    0.000000,    0.000000, -117.728485,  539.174309,    0.000000,    0.000000,    9.211835,117968.601763,    0.000000,    0.000000,    0.000000,    0.000000,    0.080000,   19.690210,   15.170123,   19.690210,   64.806108,  -28.293270,  -11.869367,  -72.785810,    0.000000,    0.000000,    0.038841,    0.881182,    0.751256,    2.790547,    0.500000,    0.001300,    0.001300,    0.000000
2015-09-23 24:00:00,311230.756246,    0.000000,    0.000000,    0.000000,    0.000000,    0.000000,    0.000000, -155.701972,    0.000000,    0.000000,    0.000000,    9.210515,117939.970489,    0.000000,    0.000000,    0.000000,    0.000000,    0.080000,   19.962981,   15.204383,   19.962981,  191.119642,  -37.437126,  -11.860748, -100.280643,    0.000000,    0.000000,    0.015501,    0.376541,    0.491090,   14.056144,    0.500000,    0.001300,    0.001300,    0.000000
2015-09-24 24:00:00,311064.506623,    0.000000,    0.000000,    0.000000,    0.000000,    0.000000,    0.000000, -162.793095,    0.000000,    0.000000,    0.000000,    9.209134,117910.027842,    0.000000,    0.000000,    0.000000,    0.000000,    0.080000,   19.809806,   15.227855,   19.809806,  174.364368,  -39.144902,   -6.004471, -123.614502,    0.000000,    0.000000,    0.033824,    0.777543,    0.705696,    3.554871,    0.500000,    0.001300,    0.001300,    0.000000
2015-09-25 24:00:00,311590.294957,    0.000000,    0.000000,    0.000000,    0.000000,    0.000000,    0.000000, -144.211536,  659.169020,    0.000000,    0.000000,    9.213500,118004.725770,    0.000000,    0.000000,    0.000000,    0.000000,    0.080000,   19.140722,   15.237004,   19.140722,   45.602210,  -34.664372,   -9.006648,  -69.677911,    0.000000,    0.000000,    0.037111,    0.845691,    0.735972,    2.425707,    0.500000,    0.001300,    0.001300,    0.000000
2015-09-26 24:00:00,312305.468876,    0.000000,    0.000000,    0.000000,    0.000000, 2687.040000,    0.000000, -173.699371, 3515.294309,    0.000000,    0.000000,    9.219439,118133.533284,    0.000000,    0.000000,    0.000000,    0.000000,    0.080000,   18.473679,   15.279560,   18.473679,   53.088619,  -41.738506,  -15.670704,  -66.415547,    0.000000,    0.000000,    0.049484,    1.095065,    0.837482,    1.089008,    0.500000,    0.001300,    0.001300,    0.000000
2015-09-27 24:00:00,312220.693348,    0.000000,    0.000000,    0.000000,    0.000000, 5201.280000,    0.000000,  -82.305767, 5117.475646,    0.000000,    0.000000,    9.218735,118118.264655,    0.000000,    0.000000,    0.000000,    0.000000,    0.080000,   18.062144,   15.319651,   18.062144,   38.295321,  -19.792805,   -5.447676,  -58.248948,    0.000000,    0.000000,    0.027436,    0.642506,    0.641496,    2.219784,    0.462007,    0.001300,    0.001300,    0.000000
2015-09-28 24:00:00,306864.084793,    0.000000,    0.000000,    0.000000,    0.000000, 5814.720000,    0.000000,   -0.859247,  450.320514,    0.000000,    0.000000,    9.173539,117142.243540,    0.000000,    0.000000,    0.000000,    0.000000,    0.080000,   18.374528,   15.322283,   18.374528,   66.169442,   -0.208401,    3.819250,  -43.330211,    0.000000,    0.000000,    0.027547,    0.644704,    0.642593,    2.577057,    0.456106,    0.001300,    0.001300,    0.000000
2015-09-29 24:00:00,304058.906581,    0.000000,    0.000000,    0.000000,    0.000000,10152.000000,    0.000000,    0.000000, 7264.819405,    0.000000,    0.000000,    9.149598,116626.823892,    0.000000,    0.000000,    0.000000,    0.000000,    0.080000,   18.499105,   15.318738,   18.499105,   28.853824,    0.000000,    7.145809,  -36.911404,    0.000000,    0.000000,    0.013132,    0.321358,    0.453680,    9.934088,    0.456106,    0.001300,    0.001300,    0.000000
2015-09-30 24:00:00,304005.093764,    0.000000,    0.000000,    0.000000,    0.000000,    0.000000,    0.000000,  -53.562102,    0.000000,    0.000000,    0.000000,    9.149139,116616.936398,    0.000000,    0.000000,    0.000000,    0.000000,    0.080000,   19.004437,   15.354990,   19.004437,  124.515152,  -13.031047,    8.826134,  -60.202649,    0.000000,    0.000000,    0.072607,    1.535415,    0.991673,    0.727653,    0.456106,    0.001300,    0.001300,    0.000000
2015-10-01 24:00:00,303765.774926,    0.000000,    0.000000,    0.000000,    0.000000,    0.000000,    0.000000, -267.780631,   29.630504,    0.000000,    0.000000,    9.147096,116572.964279,    0.000000,    0.000000,    0.000000,    0.000000,    0.080000,   17.997271,   15.426806,   17.997271,   75.162054,  -65.229067,  -23.633823,  -80.441985,    0.000000,    0.000000,    0.070563,    1.497350,    0.979303,    0.430173,    0.456106,    0.001300,    0.001300,    0.000000
2015-10-02 24:00:00,306826.509057,    0.000000,    0.000000,    0.000000,    0.000000,    0.000000,    0.000000, -301.541724, 3353.594751,    0.000000,    0.000000,    9.173219,117135.339425,    0.000000,    0.000000,    0.000000,    0.000000,    0.103000,   16.545279,   15.542795,   16.545279,   26.240505,  -73.202687,  -41.250154,  -81.311234,    0.000000,    0.000000,    0.037997,    0.863573,    0.743712,    0.265648,    0.562283,    0.001300,    0.001300,    0.000000
2015-10-03 24:00:00,309705.532857,    0.000000,    0.000000,    0.000000,    0.000000,    0.000000,    0.000000, -186.770373, 3070.858526,    0.000000,    0.000000,    9.197790,117664.327361,    0.000000,    0.000000,    0.000000,    0.000000,    0.103000,   15.576754,   15.576754,   15.576754,   25.805951,  -45.199183,  -27.114323,  -73.661045,    0.000000,    0.000000,    0.072063,    1.526166,    0.988681,    0.000000,    0.167867,    0.001300,    0.001300,    0.000000
2015-10-04 24:00:00,309676.628750,    0.000000,    0.000000,    0.000000,    0.000000,    0.000000,    0.000000, -118.744704,   89.717037,    0.000000,    0.000000,    9.197544,117659.016559,    0.000000,    0.000000,    0.000000,    0.000000,    0.103000,   15.100203,   15.100203,   15.100203,   33.677141,  -28.761609,  -12.360897,  -61.568920,    0.000000,    0.000000,    0.042152,    0.948337,    0.779358,    0.000000,    0.167863,    0.001300,    0.001300,    0.000000
2015-10-05 24:00:00,309502.320299,    0.000000,    0.000000,    0.000000,    0.000000,    0.000000,    0.000000, -175.015745,    0.000000,    0.000000,    0.000000,    9.196056,117626.989360,    0.000000,    0.000000,    0.000000,    0.000000,    0.103000,   15.278518,   14.765951,   15.278518,  186.076560,  -42.411560,  -14.996793, -104.903328,    0.000000,    0.000000,    0.029038,    0.676509,    0.658252,    0.578223,    0.186532,    0.001300,    0.001300,    0.000000
2015-10-06 24:00:00,309375.694240,    0.000000,    0.000000,    0.000000,    0.000000,    0.000000,    0.000000, -127.109743,    0.000000,    0.000000,    0.000000,    9.194975,117603.723260,    0.000000,    0.000000,    0.000000,    0.000000,    0.103000,   15.307643,   14.758119,   15.307643,  175.138134,  -30.806116,   -8.947242, -122.238009,    0.000000,    0.000000,    0.040716,    0.919236,    0.767307,    0.332377,    0.455074,    0.001300,    0.001300,    0.000000
2015-10-07 24:00:00,309308.378476,    0.000000,    0.000000,    0.000000,    0.000000,    0.000000,    0.000000,  -67.562568,    0.000000,    0.000000,    0.000000,    9.194401,117591.354752,    0.000000,    0.000000,    0.000000,    0.000000,    0.103000,   15.913962,   14.859953,   15.913962,  180.658126,  -16.372519,    1.502476, -103.716213,    0.000000,    0.000000,    0.046317,    1.031808,    0.812933,    0.497328,    0.167438,    0.001300,    0.001300,    0.000000
2015-10-08 24:00:00,309283.269145,    0.000000,    0.000000,    0.000000,    0.000000,    0.000000,    0.000000,  -25.199532,    0.000000,    0.000000,    0.000000,    9.194186,117586.741198,    0.000000,    0.000000,    0.000000,    0.000000,    0.103000,   16.401362,   14.901367,   16.401362,  167.818732,   -6.104058,    2.661334, -100.558400,    0.000000,    0.000000,    0.022137,    0.526586,    0.580751,    2.211443,    0.327522,    0.001300,    0.001300,    0.000000
2015-10-09 24:00:00,310254.592143,    0.000000,    0.000000,    0.000000,    0.000000,    0.000000,    0.000000,  -18.728571,  985.941926,    0.000000,    0.000000,    9.202409,117764.156931,    0.000000,    0.000000,    0.000000,    0.000000,    0.103000,   16.714796,   14.928526,   16.714796,  109.962408,   -4.525005,    5.251101,  -71.626621,    0.000000,    0.000000,    0.033971,    0.780558,    0.707063,    1.485010,    0.241681,    0.001300,    0.001300,    0.000000
2015-10-10 24:00:00,310573.509389,    0.000000,    0.000000,    0.000000,    0.000000,    0.000000,    0.000000,  -17.246219,  329.167326,    0.000000,    0.000000,    9.205057,117821.596019,    0.000000,    0.000000,    0.000000,    0.000000,    0.103000,   16.394443,   14.932049,   16.394443,    5.320756,   -4.166066,   -1.824460,  -29.068924,   46.500480,    0.000000,    0.021410,    0.510486,    0.571804,    2.745298,    0.241681,    0.001300,    0.001300,    0.000000
